Constituency,Number,Percent
Aberafan Maesteg,"2,055",3.65710421412301
Aberdeen North,"2,770",3.52807815266262
Aberdeen South,"2,220",2.93200908658672
Aberdeenshire North and Moray East,"1,510",2.51440370333367
Airdrie and Shotts,"2,085",3.41482598151668
Aldershot,"2,195",2.83748480380745
Aldridge-Brownhills,"1,620",2.90730059475680
Alloa and Grangemouth,"1,905",3.21068429395299
Altrincham and Sale West,"1,215",2.00594844679445
Alyn and Deeside,"1,770",2.79649489101895
Amber Valley,"1,675",3.03326632983829
Angus and Perthshire Glens,"1,510",2.49136777412480
Arbroath and Broughty Ferry,"1,845",3.01850367292181
"Argyll, Bute and South Lochaber","1,340",2.44924089994513
Arundel and South Downs,"1,115",2.07600215978700
Ashfield,"2,375",4.06038432606168
Ashford,"2,180",3.25251771726968
Ashton-under-Lyne,"3,750",5.92840986381108
Aylesbury,"2,680",3.81664175386148
"Ayr, Carrick and Cumnock","2,185",3.88461812228628
Banbury,"1,580",2.50320416462286
Bangor Aberconwy,"1,770",3.16002073316771
Barking,"6,775",7.68654938922726
Barnsley North,"2,235",3.39727609898462
Barnsley South,"2,665",4.05658224960073
Barrow and Furness,"1,640",2.78513687928809
Basildon and Billericay,"2,745",4.10954803950913
Basingstoke,"2,105",2.92054939103143
Bassetlaw,"2,240",3.51342445117454
Bath,"1,355",1.97439255056016
Bathgate and Linlithgow,"1,660",2.64601741682350
Battersea,"2,830",3.42139611331335
Beaconsfield,"1,370",2.36921746649373
Beckenham and Penge,"2,510",3.58162915571804
Bedford,"3,915",5.48422776976604
Belfast East,"1,995",3.04534416665394
Belfast North,"3,345",4.93473932600841
Belfast South and Mid Down,"2,100",2.54087440959186
Belfast West,"3,235",5.06654141224362
Bermondsey and Old Southwark,"3,945",4.69389211302445
"Berwickshire, Roxburgh and Selkirk","1,815",3.23276630647980
Bethnal Green and Stepney,"6,695",6.93887282188430
Beverley and Holderness,"1,155",2.22346068106695
Bexhill and Battle,"1,460",3.07874231898135
Bexleyheath and Crayford,"2,105",3.40396644523105
Bicester and Woodstock,"1,285",2.00037419314603
Birkenhead,"3,270",4.96603704773048
Birmingham Edgbaston,"6,150",8.63540642987505
Birmingham Erdington,"7,750",9.95951417004049
Birmingham Hall Green and Moseley,"8,285",11.00091607918110
Birmingham Hodge Hill and Solihull North,"7,585",10.08615646439400
Birmingham Ladywood,"14,150",13.26609047788670
Birmingham Northfield,"4,870",7.38215373426065
Birmingham Perry Barr,"11,830",14.91948196068050
Birmingham Selly Oak,"4,510",6.15931138133625
Birmingham Yardley,"7,555",10.60820963642240
Bishop Auckland,"1,845",3.38600451467269
Blackburn,"5,000",7.11227436309583
Blackley and Middleton South,"5,205",7.52877885115983
Blackpool North and Fleetwood,"2,060",3.75533739644538
Blackpool South,"4,610",6.70301708469647
Blaenau Gwent and Rhymney,"2,585",4.40444535351469
Blaydon and Consett,"1,870",3.36084587581594
Blyth and Ashington,"2,680",4.35121444343421
Bognor Regis and Littlehampton,"2,365",3.88116992831482
Bolsover,"1,985",3.18906239958871
Bolton North East,"4,590",6.61715933669791
Bolton South and Walkden,"5,960",7.71022293529313
Bolton West,"2,225",3.71143315079471
Bootle,"3,520",5.43955025637857
Boston and Skegness,"2,905",4.23027619158606
Bournemouth East,"2,905",4.21599350046425
Bournemouth West,"2,790",3.88817659847260
Bracknell,"1,720",2.56177163124795
Bradford East,"7,800",10.41783548395710
Bradford South,"5,100",7.50426796962383
Bradford West,"8,675",11.11566752953840
Braintree,"1,755",2.75623920891540
"Brecon, Radnor and Cwm Tawe","1,510",2.87918130441424
Brent East,"7,945",8.61894997233343
Brent West,"5,145",5.56372602028678
Brentford and Isleworth,"4,530",5.19504359798073
Brentwood and Ongar,"1,515",2.53196289796942
Bridgend,"1,490",2.54774891848913
Bridgwater,"1,765",2.97617041356298
Bridlington and The Wolds,"1,720",3.37568485753000
Brigg and Immingham,"1,235",2.31028037383178
Brighton Kemptown and Peacehaven,"2,965",4.65623920349257
Brighton Pavilion,"2,825",3.70098456939838
Bristol Central,"1,920",2.52804175618500
Bristol East,"3,415",4.55442113400688
Bristol North East,"2,295",3.55445467915473
Bristol North West,"2,070",2.95494775309770
Bristol South,"2,665",3.83955476736306
Broadland and Fakenham,"1,125",2.09441613035229
Bromley and Biggin Hill,"1,790",2.93504831591554
Bromsgrove,"1,490",2.54264783729786
Broxbourne,"2,265",3.33034493908085
Broxtowe,"1,620",2.78416698135878
Buckingham and Bletchley,"2,260",3.43099284640270
Burnley,"4,465",6.64929650859823
Burton and Uttoxeter,"2,915",4.10787213068582
Bury North,"3,165",5.02046254877701
Bury South,"2,880",4.38478883539521
Bury St Edmunds and Stowmarket,"1,520",2.48744828037353
Caerfyrddin,"1,620",2.99404519732219
Caerphilly,"1,870",3.16437498942953
"Caithness, Sutherland and Easter Ross","1,260",2.16941436159205
Calder Valley,"1,800",2.96545247862403
Camborne and Redruth,"1,860",3.14759316638729
Cambridge,"1,950",2.11138675535430
Cannock Chase,"2,085",3.31715853949566
Canterbury,"2,265",3.28786999419617
Cardiff East,"3,640",5.12012603387160
Cardiff North,"1,400",2.36549321970850
Cardiff South and Penarth,"2,960",3.96005140837528
Cardiff West,"2,700",4.19119817314713
Carlisle,"1,725",2.72196814382589
Carshalton and Wallington,"2,495",3.68352673694157
Castle Point,"1,280",2.41113643641570
Central Ayrshire,"1,765",3.40368121807844
Central Devon,"1,240",2.32636610741400
Central Suffolk and North Ipswich,"1,180",2.09563794207642
Ceredigion Preseli,"1,630",2.99687442544585
Chatham and Aylesford,"2,605",3.91682203644674
Cheadle,"1,190",2.12739354101172
Chelmsford,"2,035",2.95695407562475
Chelsea and Fulham,"3,045",3.48866527609049
Cheltenham,"1,730",2.69701457635046
Chesham and Amersham,"1,325",2.27514498472942
Chester North and Neston,"1,635",2.73036972713002
Chester South and Eddisbury,935,1.69479210186918
Chesterfield,"2,070",3.62073183517981
Chichester,"2,010",3.31748861160626
Chingford and Woodford Green,"3,300",4.61501874545353
Chippenham,"1,285",2.07024327372322
Chipping Barnet,"2,590",3.66274465437267
Chorley,"1,730",2.78385684860968
Christchurch,"1,050",2.32115593122829
Cities of London and Westminster,"3,115",3.41605711340432
City of Durham,"1,565",2.36957507938908
Clacton,"2,335",4.47692484750834
Clapham and Brixton Hill,"4,125",4.99304168935681
Clwyd East,"1,495",2.68105163174967
Clwyd North,"2,600",4.56619401937386
Coatbridge and Bellshill,"2,280",3.66137498194193
Colchester,"2,735",3.65568402058411
Colne Valley,"1,585",2.76846223712709
Congleton,995,1.87801418439716
Corby and East Northamptonshire,"2,250",3.05850340136054
Coventry East,"5,705",7.62760594268598
Coventry North West,"3,560",5.22315795651281
Coventry South,"4,205",5.10783062997388
Cowdenbeath and Kirkcaldy,"2,445",4.20179610900287
Cramlington and Killingworth,"1,685",2.85201672280429
Crawley,"3,380",4.33994989400655
Crewe and Nantwich,"2,200",3.17181378197741
Croydon East,"3,760",5.30377853655783
Croydon South,"2,370",3.75276986388098
Croydon West,"6,655",7.88407788147236
Cumbernauld and Kirkintilloch,"1,680",2.85007036164188
Dagenham and Rainham,"4,970",6.52636557105699
Darlington,"2,595",4.31461945489035
Dartford,"2,305",3.29403358342265
Daventry,"1,450",2.23080355082386
Derby North,"3,020",4.51751828092055
Derby South,"5,730",7.57439610973096
Derbyshire Dales,"1,005",1.91540912299445
Dewsbury and Batley,"4,795",7.27579087983484
Didcot and Wantage,"1,515",2.26647530199737
Doncaster Central,"4,170",5.86216596343179
Doncaster East and the Isle of Axholme,"1,700",2.99917179157342
Doncaster North,"2,585",4.35251132326447
Dorking and Horley,"1,130",2.00751933035398
Dover and Deal,"2,395",3.94532924456755
Droitwich and Evesham,"1,775",2.90843511763259
Dudley,"3,690",5.94153440005151
Dulwich and West Norwood,"4,320",5.66923763051577
Dumfries and Galloway,"1,720",2.99654847819266
"Dumfriesshire, Clydesdale and Tweeddale","1,315",2.47473511865555
Dundee Central,"3,210",4.57305773342837
Dunfermline and Dollar,"1,600",2.66453237290114
Dunstable and Leighton Buzzard,"2,015",2.94612179252869
Dwyfor Meirionnydd,"1,445",2.66327302237223
Ealing Central and Acton,"5,515",5.83578519569037
Ealing North,"5,900",6.91672038914611
Ealing Southall,"5,270",6.25831432915241
Earley and Woodley,"1,755",2.54296229750485
Easington,"2,595",4.50660180681029
East Antrim,"1,595",2.64888564121301
East Grinstead and Uckfield,"1,210",2.12930700735579
East Ham,"7,245",8.15148275279950
East Hampshire,"1,090",2.03387931195488
East Kilbride and Strathaven,"1,385",2.28111814345992
East Londonderry,"2,200",3.33081228255937
East Renfrewshire,"1,050",1.84279276909859
East Surrey,"1,455",2.43034676287833
East Thanet,"3,605",5.77554846877454
East Wiltshire,"1,305",2.06793745440705
East Worthing and Shoreham,"1,500",2.50698242269162
Eastbourne,"2,610",4.38362148629803
Eastleigh,"1,235",2.15145698830920
Edinburgh East and Musselburgh,"2,400",2.61417974664241
Edinburgh North and Leith,"2,600",3.10688200064552
Edinburgh South,"1,200",1.73509780692883
Edinburgh South West,"2,030",2.85292878213232
Edinburgh West,"1,110",1.82057180414065
Edmonton and Winchmore Hill,"6,265",7.70308984274139
Ellesmere Port and Bromborough,"1,810",3.05245780128702
Eltham and Chislehurst,"2,935",4.14166090063120
Ely and East Cambridgeshire,"1,305",2.01251061858059
Enfield North,"5,420",6.63338961070738
Epping Forest,"2,025",3.15084494977027
Epsom and Ewell,"1,335",2.01808274592082
Erewash,"2,065",3.45531174739096
Erith and Thamesmead,"5,855",6.51443698002402
Esher and Walton,"1,375",2.18049282941130
Exeter,"1,585",2.24886281511712
Exmouth and Exeter East,"1,140",1.93044953350297
Falkirk,"1,860",2.95615095780564
Fareham and Waterlooville,"1,440",2.47146333938916
Farnham and Bordon,"1,190",1.96788543268674
Faversham and Mid Kent,"1,760",2.96449674258876
Feltham and Heston,"5,205",5.83355752847278
Fermanagh and South Tyrone,"2,080",2.95346655675261
Filton and Bradley Stoke,"1,240",1.72913473596210
Finchley and Golders Green,"3,970",4.90504960648406
Folkestone and Hythe,"2,320",4.30470955281533
Forest of Dean,"1,645",3.05597354585818
Foyle,"3,550",5.61600506088882
Frome and East Somerset,"1,260",2.28906476909672
Fylde,"1,425",2.57554138746907
Gainsborough,"1,700",3.07292324913788
Gateshead Central and Whickham,"3,030",4.86442228964986
Gedling,"1,960",3.16271864713096
Gillingham and Rainham,"2,495",3.90741233771318
Glasgow East,"3,970",4.94117647058823
Glasgow North,"4,035",4.59567198177677
Glasgow North East,"4,425",6.19348878873555
Glasgow South,"2,790",4.37747918659162
Glasgow South West,"3,495",5.30343288340950
Glasgow West,"3,050",4.41246655578856
Glastonbury and Somerton,"1,215",2.28474640067752
Glenrothes and Mid Fife,"2,485",4.37582475587226
Gloucester,"2,885",3.83785942492013
Godalming and Ash,"1,075",1.86026352288488
Goole and Pocklington,"1,345",2.16059802266699
Gordon and Buchan,880,1.60891768711218
Gorton and Denton,"6,065",8.38725734196118
Gosport,"1,735",2.99435320934570
Gower,"1,200",2.13834238404700
Grantham and Bourne,"1,695",2.89315480256866
Gravesham,"2,990",4.51886008012699
Great Grimsby and Cleethorpes,"3,530",5.34883368446580
Great Yarmouth,"2,800",4.75277428988360
Greenwich and Woolwich,"4,430",5.14991509850899
Guildford,"1,380",2.03774697729283
Hackney North and Stoke Newington,"5,625",6.98890669449310
Hackney South and Shoreditch,"5,815",6.72135883066613
Halesowen,"2,550",4.43516100957354
Halifax,"4,000",5.99275058414715
Hamble Valley,"1,085",1.71550768255980
Hamilton and Clyde Valley,"2,245",3.71893290003813
Hammersmith and Chiswick,"3,950",4.72446598456292
Hampstead and Highgate,"3,260",3.96388514211415
"Harborough, Oadby and Wigston","1,495",2.43775342376525
Harlow,"3,080",4.37831609792179
Harpenden and Berkhamsted,965,1.72312197560845
Harrogate and Knaresborough,"1,130",1.80321317240828
Harrow East,"3,170",4.14991553501041
Harrow West,"3,870",4.75576353832738
Hartlepool,"2,855",5.04529641337171
Harwich and North Essex,"1,610",2.76450981065943
Hastings and Rye,"3,075",4.83457760314342
Havant,"2,070",3.71687136393019
Hayes and Harlington,"5,200",6.18086332473890
Hazel Grove,"1,550",2.79962479255358
Hemel Hempstead,"2,500",3.78473379594558
Hendon,"4,820",5.45598641381262
Henley and Thame,"1,020",1.80566127918710
Hereford and South Herefordshire,"1,620",2.80051106737111
Herne Bay and Sandwich,"1,950",3.48853842577692
Hertford and Stortford,"1,370",2.03851182693451
Hertsmere,"2,135",3.25648854961832
Hexham,"1,170",2.21666950612376
Heywood and Middleton North,"3,585",5.85507624987754
High Peak,"1,385",2.48277096572093
Hinckley and Bosworth,"1,465",2.44438890277431
Hitchin,"1,330",2.14788277820811
Holborn and St Pancras,"4,215",5.25037671702014
Honiton and Sidmouth,960,1.95906551963143
Hornchurch and Upminster,"2,515",3.81952878309449
Hornsey and Friern Barnet,"3,300",4.61964890668309
Horsham,"1,225",1.89998291102860
Houghton and Sunderland South,"2,550",4.13596078304061
Hove and Portslade,"2,625",3.79898770788142
Huddersfield,"4,790",6.67912320821016
Huntingdon,"1,455",2.16261948583981
Hyndburn,"3,490",6.01416923792943
Ilford North,"4,135",5.24538981889254
Ilford South,"6,210",7.22615334481635
Inverclyde and Renfrewshire West,"1,800",3.12792917896199
"Inverness, Skye and West Ross-shire","1,530",2.36185245749900
Ipswich,"3,585",4.87628950161953
Isle of Wight East,"1,635",4.27509293680297
Isle of Wight West,"1,310",3.23344432112468
Islington North,"4,710",5.73791457072214
Islington South and Finsbury,"5,085",5.74815250062148
Jarrow and Gateshead East,"2,775",4.79325419452940
Keighley and Ilkley,"3,045",5.12359172692114
Kenilworth and Southam,940,1.66595699382585
Kensington and Bayswater,"3,475",3.54268131151550
Kettering,"2,300",3.34199938998707
Kilmarnock and Loudoun,"2,250",3.75908445409740
Kingston and Surbiton,"2,400",3.09100283578242
Kingston upon Hull East,"3,735",5.83940464650886
Kingston upon Hull North and Cottingham,"4,265",5.64612168205997
Kingston upon Hull West and Haltemprice,"3,235",4.91163609862747
Kingswinford and South Staffordshire,"1,355",2.65983550242428
Knowsley,"3,075",5.15858365497567
Lagan Valley,"1,525",2.27018980275400
Lancaster and Wyre,"1,465",2.33651562724129
Leeds Central and Headingley,"3,125",3.66827092381735
Leeds East,"4,850",6.94876165647248
Leeds North East,"2,735",4.49148506396466
Leeds North West,"1,205",2.18200882204064
Leeds South,"7,050",8.52051548635122
Leeds South West and Morley,"1,895",3.10009002373353
Leeds West and Pudsey,"3,370",5.18047100780914
Leicester East,"4,360",5.44073441183441
Leicester South,"4,975",6.00405581575008
Leicester West,"5,310",6.40132150091637
Leigh and Atherton,"2,990",4.38004305358267
Lewes,"1,680",3.17929479527842
Lewisham East,"5,710",7.16364001203973
Lewisham North,"5,470",6.20588702539546
Lewisham West and East Dulwich,"3,845",5.55901115273900
Leyton and Wanstead,"4,955",6.07669761224415
Lichfield,"1,260",2.20865568478852
Lincoln,"2,940",3.71217096953468
Liverpool Garston,"2,205",3.85254358812934
Liverpool Riverside,"5,970",6.77791021056814
Liverpool Walton,"3,775",5.80648136760546
Liverpool Wavertree,"4,525",6.30996207050424
Liverpool West Derby,"3,640",5.85197934595525
Livingston,"1,735",2.63701229694854
Llanelli,"1,790",3.18764143042959
Lothian East,"1,355",2.39687256774924
Loughborough,"1,680",2.50900880694986
Louth and Horncastle,"1,310",2.46878654143563
Lowestoft,"2,030",3.77442603462367
Luton North,"3,830",5.31351396322693
Luton South and South Bedfordshire,"6,015",7.33658536585366
Macclesfield,"1,350",2.37580233887277
Maidenhead,"1,500",2.31219211822660
Maidstone and Malling,"2,260",3.24915461543996
Makerfield,"1,900",3.00265637847069
Maldon,"1,445",2.44273518722002
Manchester Central,"5,225",5.87217403029350
Manchester Rusholme,"6,265",7.46144226761151
Manchester Withington,"2,420",3.64310251310794
Mansfield,"2,575",3.93312466600504
Melksham and Devizes,"1,240",2.27205990309793
Melton and Syston,"1,535",2.70929431101214
Meriden and Solihull East,"2,160",3.68183989626698
Merthyr Tydfil and Aberdare,"2,065",3.36700886226763
Mid and South Pembrokeshire,"1,910",3.29099108403043
Mid Bedfordshire,"1,160",1.85775882796095
Mid Buckinghamshire,940,1.59832507787367
Mid Cheshire,"1,525",2.56030932167773
Mid Derbyshire,965,1.84594826763386
Mid Dorset and North Poole,"1,190",2.19912109014365
Mid Dunbartonshire,940,1.75415727826297
Mid Leicestershire,"1,345",2.19983015416776
Mid Norfolk,"1,125",2.01547887778136
Mid Sussex,970,1.63259129733002
Mid Ulster,"1,550",2.41177845290956
Middlesbrough and Thornaby East,"5,000",7.08146302091446
Middlesbrough South and East Cleveland,"1,890",3.47934826584280
Midlothian,"1,330",2.26884439281077
Milton Keynes Central,"3,825",4.50164177523567
Milton Keynes North,"2,310",3.72853427246733
Mitcham and Morden,"4,815",5.67731433424554
Monmouthshire,"1,315",2.41985940892864
Montgomeryshire and Glyndwr,"1,655",2.88086617462749
"Moray West, Nairn and Strathspey","1,355",2.17548250469269
Morecambe and Lunesdale,"1,685",3.03150243779573
"Motherwell, Wishaw and Carluke","2,080",3.43058831290924
Na h-Eileanan an Iar,275,1.77972659272633
Neath and Swansea East,"1,745",2.82902629616420
New Forest East,"1,145",2.17494538892582
New Forest West,945,2.11699413686613
Newark,"1,785",2.86378205128205
Newbury,"1,435",2.36298322512606
Newcastle upon Tyne Central and West,"5,180",5.96227805540842
Newcastle upon Tyne East and Wallsend,"3,675",4.73308004378904
Newcastle upon Tyne North,"1,535",2.16805228167742
Newcastle-under-Lyme,"1,805",3.10709677419355
Newport East,"4,050",5.78540723497237
Newport West and Islwyn,"1,885",3.02626080807431
Newry and Armagh,"2,355",3.57289278284768
Newton Abbot,"1,210",2.25417077389477
Newton Aycliffe and Spennymoor,"1,915",3.33635634308835
Normanton and Hemsworth,"1,945",3.04450015669069
North Antrim,"2,080",3.35225257183398
North Ayrshire and Arran,"2,425",4.43980438485631
North Bedfordshire,"1,510",2.34513411867094
North Cornwall,"1,625",2.87744290295717
North Cotswolds,990,1.83602170519587
North Devon,"1,475",2.57224626553120
North Dorset,"1,130",2.13150561120735
North Down,"1,430",2.34740243762405
North Durham,"1,835",3.19495496751041
North East Cambridgeshire,"2,310",3.75591434564168
North East Derbyshire,"1,540",2.82582350997025
North East Fife,"1,240",2.11483449121373
North East Hampshire,905,1.46457380255735
North East Hertfordshire,"1,430",2.28301012006587
North East Somerset and Hanham,935,1.63274552171186
North Herefordshire,"1,285",2.52033159156092
North Norfolk,"1,175",2.56713282121988
North Northumberland,"1,390",2.67186569601045
North Shropshire,"1,610",2.70224907687143
North Somerset,900,1.67349218168280
North Warwickshire and Bedworth,"1,720",3.01233272107059
North West Cambridgeshire,"2,555",3.53025638193591
North West Essex,"1,365",2.14690154136521
North West Hampshire,"1,445",2.10944575919596
North West Leicestershire,"1,305",2.10562037426069
North West Norfolk,"1,755",2.96475035013415
Northampton North,"4,570",5.36677042344512
Northampton South,"2,265",3.21363204267817
Norwich North,"2,030",3.27927170415407
Norwich South,"2,640",3.65645905181369
Nottingham East,"6,345",7.18141387622076
Nottingham North and Kimberley,"4,410",6.55650002972122
Nottingham South,"3,400",4.43071790661610
Nuneaton,"2,505",4.01358147282104
Old Bexley and Sidcup,"1,420",2.25587782381610
Oldham East and Saddleworth,"4,695",7.10481723553619
"Oldham West, Chadderton and Royton","5,560",8.06028548655894
Orkney and Shetland,440,1.61555612412734
Orpington,"1,955",3.29475673122343
Ossett and Denby Dale,"1,580",2.83452410871360
Oxford East,"2,500",3.01648755894875
Oxford West and Abingdon,"1,320",1.84309886729129
Paisley and Renfrewshire North,"1,935",3.36220513443613
Paisley and Renfrewshire South,"2,005",3.50603885874322
Peckham,"5,415",6.73375960988232
Pendle and Clitheroe,"3,585",5.43300406035998
Penistone and Stocksbridge,"1,185",2.26237444488917
Penrith and Solway,"1,175",2.06028032458636
Perth and Kinross-shire,"1,575",2.46314669337423
Peterborough,"5,890",7.15970432329913
Plymouth Moor View,"1,940",3.19044018541043
Plymouth Sutton and Devonport,"3,360",4.44326827654648
"Pontefract, Castleford and Knottingley","2,265",3.55036084091622
Pontypridd,"1,760",2.75897725136304
Poole,"1,825",3.13019628010628
Poplar and Limehouse,"5,870",5.49862300241677
Portsmouth North,"2,645",4.17548403398503
Portsmouth South,"4,085",5.39904862579281
Preston,"4,530",5.87252018192891
Putney,"3,085",3.84160093703662
Queen's Park and Maida Vale,"6,075",6.78941311852704
Rawmarsh and Conisbrough,"2,290",3.95620715260150
Rayleigh and Wickford,"1,185",2.05333471955087
Reading Central,"3,570",4.38302315582581
Reading West and Mid Berkshire,"1,570",2.68033849723606
Redcar,"2,360",4.25608656447250
Redditch,"2,255",3.70839571576644
Reigate,"1,280",1.90662174651919
Rhondda and Ogmore,"2,195",3.55724819706669
Ribble Valley,"1,240",2.06467537232534
Richmond and Northallerton,"1,025",1.87159440890784
Richmond Park,"1,695",2.39640327437757
Rochdale,"5,085",7.90742526518804
Rochester and Strood,"2,550",3.87725324497675
Romford,"3,155",4.60422625649407
Romsey and Southampton North,"1,270",2.10313648859007
Rossendale and Darwen,"2,350",3.71483719900009
Rother Valley,"1,650",3.02203836579294
Rotherham,"4,075",5.96969031407863
Rugby,"1,970",2.87447680438682
"Ruislip, Northwood and Pinner","1,655",2.74024769852308
Runcorn and Helsby,"2,295",4.05610712645303
Runnymede and Weybridge,"1,630",2.45706178876513
Rushcliffe,"1,230",2.02435136955914
Rutherglen,"1,840",3.30382633365055
Rutland and Stamford,"1,075",1.92648877260264
Salford,"4,895",5.59365427696247
Salisbury,"1,310",2.41242989794980
Scarborough and Whitby,"1,800",3.19277108433735
Scunthorpe,"2,885",4.49513429349942
Sefton Central,"1,060",2.04717400979083
Selby,"1,410",2.25805935012732
Sevenoaks,"1,180",2.00751330126298
Sheffield Brightside and Hillsborough,"5,375",7.80369488177540
Sheffield Central,"2,860",4.03182574838473
Sheffield Hallam,885,1.55641337493170
Sheffield Heeley,"3,865",5.77575766637262
Sheffield South East,"3,420",5.29904992173091
Sherwood Forest,"1,935",3.06347119481713
Shipley,"1,960",3.34635927714544
Shrewsbury,"1,615",2.67219725013221
Sittingbourne and Sheppey,"2,685",3.82992072092625
Skipton and Ripon,"1,090",1.93607921776011
Sleaford and North Hykeham,"1,180",2.04726597093195
Slough,"5,070",5.65359987505857
Smethwick,"5,330",7.29255013542721
Solihull West and Shirley,"1,475",2.63496603503754
South Antrim,"1,490",2.09692648074294
South Basildon and East Thurrock,"2,335",3.70917289890281
South Cambridgeshire,"1,040",1.61889225510759
South Cotswolds,985,1.76180661349583
South Derbyshire,"1,535",2.59340659340659
South Devon,"1,240",2.47919001120538
South Dorset,"1,730",3.04282824729575
South Down,"1,710",2.82656875392809
South East Cornwall,"1,350",2.60228060713460
South Holland and The Deepings,"1,875",2.88529638183218
South Leicestershire,"1,220",1.96903047002143
South Norfolk,"1,090",1.98885946488905
South Northamptonshire,"1,010",1.61795155775991
South Ribble,"1,350",2.36293571553687
South Shields,"3,120",5.79629423341131
South Shropshire,"1,290",2.44392620821720
South Suffolk,"1,325",2.49877603283998
South West Devon,905,1.60972579643269
South West Hertfordshire,"1,600",2.60693989871851
South West Norfolk,"1,480",2.42122828256388
South West Wiltshire,"1,450",2.46999744659120
Southampton Itchen,"3,205",4.36054819875607
Southampton Test,"3,670",4.86944061140006
Southend East and Rochford,"3,190",5.19336656566644
Southend West and Leigh,"2,095",3.32709272069556
Southgate and Wood Green,"5,390",6.16214486526022
Southport,"1,855",3.23685083934529
Spelthorne,"2,100",3.24233398663560
Spen Valley,"2,225",3.87206852725595
St Albans,"1,610",2.56995182337364
St Austell and Newquay,"1,930",3.23879170091075
St Helens North,"2,250",3.67406923579360
St Helens South and Whiston,"2,625",4.43176831943835
St Ives,"1,445",2.86734795118563
St Neots and Mid Cambridgeshire,"1,385",2.09018247624793
Stafford,"1,720",2.97767609539656
Staffordshire Moorlands,"1,180",2.37960683001655
Stalybridge and Hyde,"2,640",4.34725375983151
Stevenage,"2,115",3.31587859024207
Stirling and Strathallan,"1,520",2.39548343347369
Stockport,"3,140",4.58951677754222
Stockton North,"3,280",5.29571368584257
Stockton West,"1,120",2.04118793131703
Stoke-on-Trent Central,"4,960",6.75033690429196
Stoke-on-Trent North,"3,540",5.78060174447094
Stoke-on-Trent South,"2,055",3.72261452109361
"Stone, Great Wyrley and Penkridge","1,315",2.33376584134658
Stourbridge,"2,775",4.89129476486873
Strangford,"1,935",3.22769071579966
Stratford and Bow,"6,320",6.57874191970187
Stratford-on-Avon,"1,140",2.06150177061502
Streatham and Croydon North,"5,345",6.40033540967896
Stretford and Urmston,"2,930",4.49990778877482
Stroud,"1,160",2.01484255791372
Suffolk Coastal,"1,010",1.94197202635533
Sunderland Central,"3,055",4.95002996582276
Surrey Heath,"1,295",2.10107893242476
Sussex Weald,"1,225",2.33588631892584
Sutton and Cheam,"1,845",2.78882654527306
Sutton Coldfield,"1,420",2.50026429855164
Swansea West,"3,270",4.80173754806140
Swindon North,"2,065",3.05367240001184
Swindon South,"2,775",3.72643283020895
Tamworth,"1,960",3.16616294668110
Tatton,"1,080",1.88949427214306
Taunton and Wellington,"1,605",2.48968448484472
Telford,"2,855",4.32267054404459
Tewkesbury,"1,325",2.28845222445167
The Wrekin,"1,920",2.82341164694106
Thirsk and Malton,"1,140",2.05344737364442
Thornbury and Yate,"1,195",2.03477994798307
Thurrock,"3,855",4.88441650613404
Tipton and Wednesbury,"4,565",6.36095086809910
Tiverton and Minehead,"1,235",2.42168319748601
Tonbridge,"1,260",2.17956270141031
Tooting,"2,885",3.61551475656369
Torbay,"1,985",3.26460763826041
Torfaen,"2,145",3.82323556697352
Torridge and Tavistock,"1,310",2.43585217665967
Tottenham,"8,510",8.72202639560620
Truro and Falmouth,"1,430",2.47445141878923
Tunbridge Wells,"1,565",2.41890639481001
Twickenham,"1,615",2.34601975595584
Tynemouth,"1,920",3.35487251135173
Upper Bann,"2,385",3.05783747068398
Uxbridge and South Ruislip,"3,285",4.17652295561490
Vale of Glamorgan,"2,030",3.55642677121255
Vauxhall and Camberwell Green,"4,805",6.03821944140816
Wakefield and Rothwell,"3,035",4.50276693915701
Wallasey,"2,425",4.14233514325718
Walsall and Bloxwich,"5,970",8.17343223934525
Walthamstow,"6,280",7.22072724763679
Warrington North,"1,695",2.78471856917412
Warrington South,"1,535",2.37932640074499
Warwick and Leamington,"1,680",2.41957578117114
Washington and Gateshead South,"2,250",3.91941583450968
Watford,"3,050",4.15288046512261
Waveney Valley,"1,155",2.32558139534884
Weald of Kent,"1,325",2.48292170257488
Wellingborough and Rushden,"2,825",4.01865040442378
Wells and Mendip Hills,"1,150",2.26765872624287
Welwyn Hatfield,"2,150",2.86866636395203
West Aberdeenshire and Kincardine,850,1.40501319261214
West Bromwich,"4,470",6.35435332935120
West Dorset,"1,160",2.30831990129942
West Dunbartonshire,"2,305",4.06165676090369
West Ham and Beckton,"7,740",7.73403394503661
West Lancashire,"1,915",3.07428314837385
West Suffolk,"1,710",2.30525819699724
West Tyrone,"1,855",3.20082780029318
West Worcestershire,"1,395",2.51540596057516
Westmorland and Lonsdale,785,1.48043641835967
Weston-super-Mare,"1,985",3.36977557464435
Wetherby and Easingwold,730,1.38902102559224
Whitehaven and Workington,"1,535",2.72336952664822
Widnes and Halewood,"2,270",3.93372231937254
Wigan,"2,805",4.27224109822803
Wimbledon,"1,935",2.65376166941241
Winchester,"1,310",2.04199156433363
Windsor,"1,965",2.73957331772640
Wirral West,885,1.81271354624875
Witham,"1,510",2.46736057778722
Witney,"1,190",1.95443487408771
Woking,"1,660",2.52383196752467
Wokingham,"1,060",1.76443171982156
Wolverhampton North East,"4,415",6.83333591175606
Wolverhampton South East,"5,725",7.65372990611710
Wolverhampton West,"5,235",7.38530556966311
Worcester,"2,620",3.90400238503391
Worsley and Eccles,"2,830",4.14706701249982
Worthing West,"1,715",2.97696540471107
Wrexham,"1,915",3.13642549144984
Wycombe,"3,090",4.46453066116060
Wyre Forest,"1,910",3.23625144097104
Wythenshawe and Sale East,"3,250",4.64767187522338
Yeovil,"1,595",2.59420903494772
Ynys Mon,"1,415",3.63295591671160
York Central,"1,665",2.14086534136907
York Outer,685,1.25888025913792
